id,sift_matches,color_value,is_there,decision_value,false_positive,second_sift_matches,second_color_value,second_is_there,second_decision_value
bv_doc_id__76,164,0.7012195121951219,True,0.9402439024390244,False,19,0.10526315789473684,False,0.7810526315789473
bv_doc_id__109,187,0.679144385026738,True,0.9358288770053477,False,17,0.0,False,0.68
bv_doc_id__110,140,0.6214285714285714,True,0.9242857142857144,False,53,0.018867924528301886,False,0.8037735849056604
bv_doc_id__112,150,0.58,True,0.916,False,20,0.0,False,0.8
bv_doc_id__113,148,0.6351351351351351,True,0.9270270270270271,False,74,0.12162162162162163,False,0.8243243243243243
bv_doc_id__118,191,0.5602094240837696,True,0.912041884816754,False,52,0.0,False,0.8
bv_doc_id__119,148,0.3716216216216216,True,0.8743243243243244,False,18,0.16666666666666666,False,0.7533333333333334
bv_doc_id__121,148,0.6756756756756757,True,0.9351351351351351,False,35,0.02857142857142857,False,0.8057142857142857
bv_doc_id__123,153,0.6601307189542484,True,0.9320261437908497,False,96,0.0,False,0.8
bv_doc_id__124,148,0.6756756756756757,True,0.9351351351351351,False,81,0.012345679012345678,False,0.8024691358024691
bv_doc_id__126,211,0.4834123222748815,True,0.8966824644549763,True,210,0.45714285714285713,True,0.8914285714285715
bv_doc_id__127,150,0.48,True,0.896,False,103,0.009708737864077669,False,0.8019417475728156
bv_doc_id__130,168,0.25595238095238093,True,0.8511904761904763,False,86,0.023255813953488372,False,0.8046511627906977
bv_doc_id__134,183,0.4371584699453552,True,0.8874316939890711,False,44,0.06818181818181818,False,0.8136363636363637
bv_doc_id__137,193,0.5699481865284974,True,0.9139896373056995,False,44,0.045454545454545456,False,0.8090909090909091
